{
    "$schema": "https://schema.management.azure.com/schemas/2015-01-01/deploymentParameters.json#",
    "contentVersion": "1.0.0.0",
    "parameters": {
        "factoryName": {
            "value": "ADF-databricks-coursef1"
        },
        "ls_storagedlformula1_accountKey": {
            "value": ""
        },
        "ls_databricks_course_ws_properties_typeProperties_existingClusterId": {
            "value": "0128-165756-87oynd69"
        },
        "ls_storagedlformula1_properties_typeProperties_url": {
            "value": "https://storagedlformula1.dfs.core.windows.net/"
        }
    }
}