{
    "$schema": "http://schema.management.azure.com/schemas/2015-01-01/deploymentTemplate.json#",
    "contentVersion": "1.0.0.0",
    "parameters": {
        "factoryName": {
            "type": "string",
            "metadata": "Data Factory name",
            "defaultValue": "ADF-databricks-coursef1"
        },
        "ls_storagedlformula1_accountKey": {
            "type": "secureString",
            "metadata": "Secure string for 'accountKey' of 'ls_storagedlformula1'"
        },
        "ls_databricks_course_ws_properties_typeProperties_existingClusterId": {
            "type": "string",
            "defaultValue": "0128-165756-87oynd69"
        },
        "ls_storagedlformula1_properties_typeProperties_url": {
            "type": "string",
            "defaultValue": "https://storagedlformula1.dfs.core.windows.net/"
        },
        "containerUri": {
            "type": "string",
            "metadata": "URI to storage account containing linked ARM templates"
        },
        "containerSasToken": {
            "type": "string",
            "metadata": "Sas token to storage account containing linked ARM templates"
        }
    },
    "variables": {
        "factoryId": "[concat('Microsoft.DataFactory/factories/', parameters('factoryName'))]"
    },
    "resources": [
        {
            "name": "ADF-databricks-coursef1_ArmTemplate_0",
            "type": "Microsoft.Resources/deployments",
            "apiVersion": "2024-03-01",
            "properties": {
                "mode": "incremental",
                "templateLink": {
                    "uri": "[concat(parameters('containerUri'), '/ArmTemplate_0.json', parameters('containerSasToken'))]",
                    "contentVersion": "1.0.0.0"
                },
                "parameters": {
                    "factoryName": {
                        "value": "[parameters('factoryName')]"
                    },
                    "ls_storagedlformula1_accountKey": {
                        "value": "[parameters('ls_storagedlformula1_accountKey')]"
                    },
                    "ls_databricks_course_ws_properties_typeProperties_existingClusterId": {
                        "value": "[parameters('ls_databricks_course_ws_properties_typeProperties_existingClusterId')]"
                    },
                    "ls_storagedlformula1_properties_typeProperties_url": {
                        "value": "[parameters('ls_storagedlformula1_properties_typeProperties_url')]"
                    }
                }
            },
            "dependsOn": []
        }
    ]
}