{
    "$schema": "http://schema.management.azure.com/schemas/2015-01-01/deploymentTemplate.json#",
    "contentVersion": "1.0.0.0",
    "parameters": {
        "factoryName": {
            "type": "string",
            "metadata": "Data Factory name",
            "defaultValue": "ADF-databricks-coursef1"
        },
        "ls_storagedlformula1_accountKey": {
            "type": "secureString",
            "metadata": "Secure string for 'accountKey' of 'ls_storagedlformula1'"
        },
        "ls_databricks_course_ws_properties_typeProperties_existingClusterId": {
            "type": "string",
            "defaultValue": "0128-165756-87oynd69"
        },
        "ls_storagedlformula1_properties_typeProperties_url": {
            "type": "string",
            "defaultValue": "https://storagedlformula1.dfs.core.windows.net/"
        }
    },
    "variables": {
        "factoryId": "[concat('Microsoft.DataFactory/factories/', parameters('factoryName'))]"
    },
    "resources": [
        {
            "name": "[concat(parameters('factoryName'), '/ls_databricks_course_ws')]",
            "type": "Microsoft.DataFactory/factories/linkedServices",
            "apiVersion": "2018-06-01",
            "properties": {
                "annotations": [],
                "type": "AzureDatabricks",
                "typeProperties": {
                    "domain": "https://adb-1531507756927284.4.azuredatabricks.net",
                    "authentication": "MSI",
                    "workspaceResourceId": "/subscriptions/29b869e6-1d75-496b-b84e-4b59a0e941d1/resourceGroups/databrickscourse-rg/providers/Microsoft.Databricks/workspaces/databrickscourse-ws",
                    "existingClusterId": "[parameters('ls_databricks_course_ws_properties_typeProperties_existingClusterId')]"
                }
            },
            "dependsOn": []
        },
        {
            "name": "[concat(parameters('factoryName'), '/ls_storagedlformula1')]",
            "type": "Microsoft.DataFactory/factories/linkedServices",
            "apiVersion": "2018-06-01",
            "properties": {
                "annotations": [],
                "type": "AzureBlobFS",
                "typeProperties": {
                    "url": "[parameters('ls_storagedlformula1_properties_typeProperties_url')]",
                    "accountKey": {
                        "type": "SecureString",
                        "value": "[parameters('ls_storagedlformula1_accountKey')]"
                    }
                }
            },
            "dependsOn": []
        },
        {
            "name": "[concat(parameters('factoryName'), '/ds_formula1_raw')]",
            "type": "Microsoft.DataFactory/factories/datasets",
            "apiVersion": "2018-06-01",
            "properties": {
                "linkedServiceName": {
                    "referenceName": "ls_storagedlformula1",
                    "type": "LinkedServiceReference"
                },
                "parameters": {
                    "p_window_end_date": {
                        "type": "String"
                    }
                },
                "annotations": [],
                "type": "Json",
                "typeProperties": {
                    "location": {
                        "type": "AzureBlobFSLocation",
                        "folderPath": {
                            "value": "@formatDateTime(dataset().p_window_end_date, 'yyyy-MM-dd')",
                            "type": "Expression"
                        },
                        "fileSystem": "raw"
                    }
                },
                "schema": {}
            },
            "dependsOn": [
                "[concat(variables('factoryId'), '/linkedServices/ls_storagedlformula1')]"
            ]
        },
        {
            "name": "[concat(parameters('factoryName'), '/pl_ingest_formula1_data')]",
            "type": "Microsoft.DataFactory/factories/pipelines",
            "apiVersion": "2018-06-01",
            "properties": {
                "activities": [
                    {
                        "name": "Get Folder details",
                        "type": "GetMetadata",
                        "dependsOn": [],
                        "policy": {
                            "timeout": "0.12:00:00",
                            "retry": 0,
                            "retryIntervalInSeconds": 30,
                            "secureOutput": false,
                            "secureInput": false
                        },
                        "userProperties": [],
                        "typeProperties": {
                            "dataset": {
                                "referenceName": "ds_formula1_raw",
                                "type": "DatasetReference",
                                "parameters": {
                                    "p_window_end_date": {
                                        "value": "@pipeline().parameters.p_window_end_date",
                                        "type": "Expression"
                                    }
                                }
                            },
                            "fieldList": [
                                "exists"
                            ],
                            "storeSettings": {
                                "type": "AzureBlobFSReadSettings",
                                "recursive": true,
                                "enablePartitionDiscovery": false
                            },
                            "formatSettings": {
                                "type": "JsonReadSettings"
                            }
                        }
                    },
                    {
                        "name": "If folder exists",
                        "type": "IfCondition",
                        "dependsOn": [
                            {
                                "activity": "Get Folder details",
                                "dependencyConditions": [
                                    "Succeeded"
                                ]
                            }
                        ],
                        "userProperties": [],
                        "typeProperties": {
                            "expression": {
                                "value": "@activity('Get Folder details').output.exists",
                                "type": "Expression"
                            },
                            "ifTrueActivities": [
                                {
                                    "name": "Ingest circuits file",
                                    "type": "DatabricksNotebook",
                                    "dependsOn": [],
                                    "policy": {
                                        "timeout": "0.12:00:00",
                                        "retry": 0,
                                        "retryIntervalInSeconds": 30,
                                        "secureOutput": false,
                                        "secureInput": false
                                    },
                                    "userProperties": [],
                                    "typeProperties": {
                                        "notebookPath": "/Formula1/Ingestion/1.Ingest_circuits_file",
                                        "baseParameters": {
                                            "p_data_source": {
                                                "value": "@variables('v_data_source')",
                                                "type": "Expression"
                                            },
                                            "p_file_date": {
                                                "value": "@formatDateTime(pipeline().parameters.p_window_end_date, 'yyyy-MM-dd')",
                                                "type": "Expression"
                                            }
                                        }
                                    },
                                    "linkedServiceName": {
                                        "referenceName": "ls_databricks_course_ws",
                                        "type": "LinkedServiceReference"
                                    }
                                },
                                {
                                    "name": "Ingest races file",
                                    "type": "DatabricksNotebook",
                                    "dependsOn": [],
                                    "policy": {
                                        "timeout": "0.12:00:00",
                                        "retry": 0,
                                        "retryIntervalInSeconds": 30,
                                        "secureOutput": false,
                                        "secureInput": false
                                    },
                                    "userProperties": [],
                                    "typeProperties": {
                                        "notebookPath": "/Formula1/Ingestion/2.Ingest_races_file",
                                        "baseParameters": {
                                            "p_data_source": {
                                                "value": "@variables('v_data_source')",
                                                "type": "Expression"
                                            },
                                            "p_file_date": {
                                                "value": "@formatDateTime(pipeline().parameters.p_window_end_date, 'yyyy-MM-dd')",
                                                "type": "Expression"
                                            }
                                        }
                                    },
                                    "linkedServiceName": {
                                        "referenceName": "ls_databricks_course_ws",
                                        "type": "LinkedServiceReference"
                                    }
                                },
                                {
                                    "name": "Ingest constructors file",
                                    "type": "DatabricksNotebook",
                                    "dependsOn": [],
                                    "policy": {
                                        "timeout": "0.12:00:00",
                                        "retry": 0,
                                        "retryIntervalInSeconds": 30,
                                        "secureOutput": false,
                                        "secureInput": false
                                    },
                                    "userProperties": [],
                                    "typeProperties": {
                                        "notebookPath": "/Formula1/Ingestion/3.Ingest_constructors_file",
                                        "baseParameters": {
                                            "p_data_source": {
                                                "value": "@variables('v_data_source')",
                                                "type": "Expression"
                                            },
                                            "p_file_date": {
                                                "value": "@formatDateTime(pipeline().parameters.p_window_end_date, 'yyyy-MM-dd')",
                                                "type": "Expression"
                                            }
                                        }
                                    },
                                    "linkedServiceName": {
                                        "referenceName": "ls_databricks_course_ws",
                                        "type": "LinkedServiceReference"
                                    }
                                },
                                {
                                    "name": "Ingest drivers file",
                                    "type": "DatabricksNotebook",
                                    "dependsOn": [],
                                    "policy": {
                                        "timeout": "0.12:00:00",
                                        "retry": 0,
                                        "retryIntervalInSeconds": 30,
                                        "secureOutput": false,
                                        "secureInput": false
                                    },
                                    "userProperties": [],
                                    "typeProperties": {
                                        "notebookPath": "/Formula1/Ingestion/4.Ingest_drivers_file",
                                        "baseParameters": {
                                            "p_data_source": {
                                                "value": "@variables('v_data_source')",
                                                "type": "Expression"
                                            },
                                            "p_file_date": {
                                                "value": "@formatDateTime(pipeline().parameters.p_window_end_date, 'yyyy-MM-dd')",
                                                "type": "Expression"
                                            }
                                        }
                                    },
                                    "linkedServiceName": {
                                        "referenceName": "ls_databricks_course_ws",
                                        "type": "LinkedServiceReference"
                                    }
                                },
                                {
                                    "name": "Ingest results file",
                                    "type": "DatabricksNotebook",
                                    "dependsOn": [],
                                    "policy": {
                                        "timeout": "0.12:00:00",
                                        "retry": 0,
                                        "retryIntervalInSeconds": 30,
                                        "secureOutput": false,
                                        "secureInput": false
                                    },
                                    "userProperties": [],
                                    "typeProperties": {
                                        "notebookPath": "/Formula1/Ingestion/5.Ingest_results_file",
                                        "baseParameters": {
                                            "p_data_source": {
                                                "value": "@variables('v_data_source')",
                                                "type": "Expression"
                                            },
                                            "p_file_date": {
                                                "value": "@formatDateTime(pipeline().parameters.p_window_end_date, 'yyyy-MM-dd')",
                                                "type": "Expression"
                                            }
                                        }
                                    },
                                    "linkedServiceName": {
                                        "referenceName": "ls_databricks_course_ws",
                                        "type": "LinkedServiceReference"
                                    }
                                },
                                {
                                    "name": "Ingest pit_stops file",
                                    "type": "DatabricksNotebook",
                                    "dependsOn": [],
                                    "policy": {
                                        "timeout": "0.12:00:00",
                                        "retry": 0,
                                        "retryIntervalInSeconds": 30,
                                        "secureOutput": false,
                                        "secureInput": false
                                    },
                                    "userProperties": [],
                                    "typeProperties": {
                                        "notebookPath": "/Formula1/Ingestion/6.Ingest_pit_stops._file",
                                        "baseParameters": {
                                            "p_data_source": {
                                                "value": "@variables('v_data_source')",
                                                "type": "Expression"
                                            },
                                            "p_file_date": {
                                                "value": "@formatDateTime(pipeline().parameters.p_window_end_date, 'yyyy-MM-dd')",
                                                "type": "Expression"
                                            }
                                        }
                                    },
                                    "linkedServiceName": {
                                        "referenceName": "ls_databricks_course_ws",
                                        "type": "LinkedServiceReference"
                                    }
                                },
                                {
                                    "name": "Ingest lap_times file",
                                    "type": "DatabricksNotebook",
                                    "dependsOn": [],
                                    "policy": {
                                        "timeout": "0.12:00:00",
                                        "retry": 0,
                                        "retryIntervalInSeconds": 30,
                                        "secureOutput": false,
                                        "secureInput": false
                                    },
                                    "userProperties": [],
                                    "typeProperties": {
                                        "notebookPath": "/Formula1/Ingestion/7.Ingest_lap_times_file",
                                        "baseParameters": {
                                            "p_data_source": {
                                                "value": "@variables('v_data_source')",
                                                "type": "Expression"
                                            },
                                            "p_file_date": {
                                                "value": "@formatDateTime(pipeline().parameters.p_window_end_date, 'yyyy-MM-dd')",
                                                "type": "Expression"
                                            }
                                        }
                                    },
                                    "linkedServiceName": {
                                        "referenceName": "ls_databricks_course_ws",
                                        "type": "LinkedServiceReference"
                                    }
                                },
                                {
                                    "name": "Ingest qualifying file",
                                    "type": "DatabricksNotebook",
                                    "dependsOn": [],
                                    "policy": {
                                        "timeout": "0.12:00:00",
                                        "retry": 0,
                                        "retryIntervalInSeconds": 30,
                                        "secureOutput": false,
                                        "secureInput": false
                                    },
                                    "userProperties": [],
                                    "typeProperties": {
                                        "notebookPath": "/Formula1/Ingestion/8.Ingest_qualifying_file",
                                        "baseParameters": {
                                            "p_data_source": {
                                                "value": "@variables('v_data_source')",
                                                "type": "Expression"
                                            },
                                            "p_file_date": {
                                                "value": "@formatDateTime(pipeline().parameters.p_window_end_date, 'yyyy-MM-dd')",
                                                "type": "Expression"
                                            }
                                        }
                                    },
                                    "linkedServiceName": {
                                        "referenceName": "ls_databricks_course_ws",
                                        "type": "LinkedServiceReference"
                                    }
                                }
                            ]
                        }
                    }
                ],
                "policy": {
                    "elapsedTimeMetric": {}
                },
                "parameters": {
                    "p_window_end_date": {
                        "type": "string"
                    }
                },
                "variables": {
                    "v_data_source": {
                        "type": "String",
                        "defaultValue": "Ergast"
                    }
                },
                "annotations": [],
                "lastPublishTime": "2025-02-22T20:43:29Z"
            },
            "dependsOn": [
                "[concat(variables('factoryId'), '/datasets/ds_formula1_raw')]",
                "[concat(variables('factoryId'), '/linkedServices/ls_databricks_course_ws')]"
            ]
        }
    ]
}